mode,o_zone_id,d_zone_id,o_x_coord,o_y_coord,d_x_coord,d_y_coord,total_distance_mile,total_distance_km,total_free_flow_travel_time,total_congestion_travel_time,volume,
auto,1827,675,-112.111,33.4986,-112.109,33.5059,2483.68,3996.24,1734.04,1734.05,96
auto,1827,1836,-112.111,33.4986,-112.109,33.484,2619.61,4214.95,1900.76,1900.76,9.33333
auto,1836,675,-112.109,33.484,-112.109,33.5059,4144.68,6668.79,2711.89,2711.89,30.6667
auto,1836,1827,-112.109,33.484,-112.111,33.4986,2512.69,4042.92,1768.6,1768.6,6.66666
auto,3409,1827,-112.115,33.5132,-112.111,33.4986,2507.41,4034.42,1765.72,1765.72,26.6667
auto,3409,1836,-112.115,33.5132,-112.109,33.484,4196.32,6751.88,2799.18,2799.18,9.33334
auto,3411,3413,-112.112,33.5203,-112.112,33.4714,5450.52,8769.89,3114.58,3114.6,7132.12
auto,3412,3410,-112.112,33.4722,-112.112,33.5203,5357.26,8619.83,3061.29,3061.3,6157.83
