mode,route_id,o_zone_id,d_zone_id,unique_route_id,prob,node_ids,link_ids,distance_mile,total_distance_km,total_free_flow_travel_time,total_travel_time,route_key,volume,
auto,0,1827,675,1,1,1827;3420;3460;3462;3442;3443;3480;3426;3427;3454;3482;3469;3416;675,9;36;85;87;65;66;105;45;47;78;107;94;30,2483.68,3996.24,1731.89,1731.89,43883_854,96
auto,0,1827,1836,1,1,1827;3422;3461;3430;3431;3476;3477;3484;3456;3458;3459;3414;1836,11;39;86;50;51;101;102;109;81;83;84;27,2619.61,4214.95,1897.48,1897.48,41631_824,9.33333
auto,0,1836,675,1,1,1836;3415;3428;3429;3471;3472;3485;3436;3449;3443;3480;3426;3427;3454;3482;3469;3416;675,14;29;48;49;96;97;110;58;73;66;105;45;47;78;107;94;30,4144.68,6668.79,2760.72,2760.72,57693_1146,30.6667
auto,0,1836,1827,1,1,1836;3415;3428;3429;3471;3472;3485;3436;3437;3470;3465;3425;1827,14;29;48;49;96;97;110;57;59;95;90;44,2512.69,4042.92,1806.42,1806.42,41596_788,6.66666
auto,0,3409,1827,1,1,3409;3423;3452;3463;3438;3439;3481;3479;3440;3441;3486;3466;3421;1827,18;41;76;88;60;61;106;104;62;64;111;91;37,2507.41,4034.42,1766.21,1766.21,46665_919,26.6667
auto,0,3409,1836,1,1,3409;3423;3452;3463;3438;3439;3481;3479;3440;3478;3476;3477;3484;3456;3458;3459;3414;1836,18;41;76;88;60;61;106;104;63;103;101;102;109;81;83;84;27,4196.32,6751.88,2805.57,2805.57,60562_1307,9.33334
auto,0,3411,3413,1,1,3411;3432;3481;3479;3440;3478;3476;3477;3484;3456;3457;3487;3448;3413,21;53;106;104;63;103;101;102;109;80;82;112;72,5450.52,8769.89,3114.58,3114.58,48419_1108,7132.12
auto,0,3412,3410,1,1,3412;3444;3450;3474;3475;3473;3471;3472;3485;3436;3449;3443;3480;3426;3435;3410,24;68;74;99;100;98;96;97;110;58;73;66;105;46;56,5357.26,8619.83,3061.29,3061.29,55235_1170,6157.83
